pais_iso,sistema,centro,ciudad,categoria,tier,estado,en_top500,rank_top500,rmax_tf,rpeak_tf,cpu_modelo,acelerador_modelo,n_gpus,gpu_fp64_tf,gpu_fp16_tf,incluir_capacidad,incluir_gpu,confianza,fuente,cita,fecha,nota
DE,JUPITER Booster,JSC/EuroHPC,Julich,EuroHPC exascale,Tier-0,Operativo,1,4,1000000,1226000,NVIDIA Grace,NVIDIA GH200,23536,800224,23277104,1,1,alta,TOP500+NVIDIA,"Rmax 1.000 EF / Rpeak 1.226 EF; ~24000 GH200",2026-06-16,"gpu_fp64 vector(34); TC(67) daria 1.577k>Rpeak. Domina DE"
DE,JUPITER Cluster (Rhea1),JSC/EuroHPC,Julich,EuroHPC,Tier-0/1,En puesta en marcha,0,,,5000,SiPearl Rhea1,,0,0,0,0,0,alta,JSC/SiPearl,"primer chip may-2026; pleno fin-2026",2026-06-16,"NO operativo pleno jun-2026"
DE,HammerHAI,HLRS/EuroHPC,Stuttgart,AI Factory EuroHPC,Tier-1,Previsto,0,,,,NVIDIA Grace,NVIDIA GB200,860,29240,1935000,0,0,alta,HLRS/DCD,"215 nodos GB200 NVL4=860 GPU; op. 2H-2026",2026-06-16,"Previsto; entra al operar"
ES,MareNostrum 5 ACC,BSC/EuroHPC,Barcelona,EuroHPC,Tier-0,Operativo,1,14,175300,260000,Intel Xeon 8460Y+ (40C),NVIDIA H100 64GB,4480,152320,4430720,1,1,alta,TOP500/BSC/HPCwire,"Rpeak 260 PF; 4480 H100 (1120x4); Rmax 175,3 PF #14",2026-06-16,"gpu_fp64 vector; TC=300k. Domina ES"
ES,MareNostrum 5 GPP,BSC/EuroHPC,Barcelona,EuroHPC,Tier-0,Operativo,1,50,40100,45900,Intel Xeon 8480+ (56C),,0,0,0,1,1,alta,TOP500/BSC,"45,9 PF Rpeak; 6408 nodos; Rmax 40,1 PF #50; solo CPU",2026-06-16,
ES,MareNostrum 5 NGT-Grace,BSC,Barcelona,EuroHPC piloto,Tier-1,Operativo,0,,,5700,NVIDIA Grace (ARM 802 chips),,0,0,0,1,1,media,BSC,"piloto Grace 5,7 PF; ARM=CPU no GPU",2026-06-16,"NGT-ACC (Rialto Bridge) experimental sin cifras"
ES,Calendula,SCAYLE,Leon,RES nacional,Tier-2,Operativo,0,,,7000,Intel Xeon 8462Y + AMD EPYC 9374F,NVIDIA H100 SXM5 80GB,140,4760,138460,1,1,media,SCAYLE,"140 H100; 7000 TF nominal",2026-06-16,"rpeak nominal mixto"
ES,Picasso,UMA/SCBI,Malaga,RES nacional,Tier-2,Operativo,0,,,2000,Xeon Gold 6230R + EPYC,NVIDIA A100,32,310,9984,1,1,alta,SCBI,">2 PF FP64; 32 A100",2026-06-16,
ES,FinisTerrae III,CESGA,Santiago,RES nacional,Tier-2,Operativo,0,,,4360,Intel Xeon Ice Lake 8352Y,NVIDIA A100 + T4,144,1246,40976,1,1,alta,CESGA/Atos,"4,36 PF; 128 A100 + 16 T4 (Atos/Bull)",2026-06-16,
ES,Agustina (Caesaraugusta IV),BIFI/Unizar,Zaragoza,RES nacional,Tier-2,Operativo,0,,,969,AMD EPYC 7513,NVIDIA H100 + L40S,48,458,24900,1,1,alta,CESAR-Unizar,"511 TF CPU + 12 H100 + 36 L40S",2026-06-16,
ES,Altamira,IFCA/UC,Santander,RES nacional,Tier-3,Operativo,0,,74,50,Intel Xeon E5-2670,NVIDIA Tesla M2090,10,7,0,1,1,media,RES/IFCA,">50 TF; 10 M2090 (2012)",2026-06-16,"legado; en renovacion"
ES,Pirineus III,CSUC,Barcelona,RES nacional,Tier-2,Operativo,0,,,2200,~15000 cores,NVIDIA (modelo n/p),,,,1,1,media,CSUC,"2,2 PF; bloque GPU IA modelo/nº NO publico",2026-06-16,"GPU: REVISION MANUAL"
ES,Tirant III,UV-SIUV,Valencia,RES nacional,Tier-3,Operativo,0,,,111.8,Intel Xeon E5-2670,,0,0,0,1,1,alta,UV/RES,"111,8 TF; 336 nodos; solo CPU",2026-06-16,
ES,LaPalma,IAC,La Palma,RES nacional,Tier-3,Operativo,0,,,83.85,Intel Xeon SandyBridge,,0,0,0,1,1,media,IAC/RES,"83,85 TF; 252 nodos; solo CPU",2026-06-16,
ES,Lusitania III,COMPUTAEX,Caceres,RES nacional,Tier-3,Operativo,0,,,313,Xeon E5-2660v3/E5-2670 + Power9,NVIDIA Tesla V100,8,62,1000,1,1,media,COMPUTAEX/RES,"313 TF; V100 (nº estimado 8 de 40960 CUDA)",2026-06-16,"nº V100 NO publico: estimado, REVISION MANUAL"
ES,Cibeles,UAM-CCC,Madrid,RES nacional,Tier-3,Operativo,0,,,,Xeon Plat 8160/Gold 6330,NVIDIA (modelo n/p),,,,1,1,baja,CCC-UAM/RES,"heterogeneo; Rpeak y GPU NO publicos",2026-06-16,"REVISION MANUAL"
ES,Urederra,NASERTIC,Pamplona,RES nacional,Tier-3,Operativo,0,,,593,Intel Broadwell + Sapphire Rapids,NVIDIA H100 SXM5 + A100 80GB,18,563,16448,1,1,media,NASERTIC/RES,"16 H100 + 2 A100; 593 TF",2026-06-16,
ES,Xula,CIEMAT,Madrid,RES nacional,Tier-3,Operativo,0,,,722,Intel Xeon Gold 6148,,0,0,0,1,1,media,CIEMAT/RES,"722 TF; 190 nodos; solo CPU",2026-06-16,
ES,Turgalium,CIEMAT,Trujillo,RES nacional,Tier-3,Operativo,0,,,375,Intel Xeon Gold 6254,NVIDIA V100,,,,1,1,media,CIEMAT/RES,"375 TF; V100 nº NO publico",2026-06-16,"nº V100: REVISION MANUAL"
ES,Magerit 3,UPM/CeSViMa,Madrid,RES nacional,Tier-3,Operativo,0,,,370,Intel Xeon Gold 6230/6240R,NVIDIA A100/A40/H200/L40S,,,,1,1,media,CeSViMa,"370 TF CPU; GPU mixta nº NO publico",2026-06-16,"nº/modelo GPU: REVISION MANUAL"
ES,Talaia (BSAI),UIB,Palma,RES nacional,Tier-2,Planificado,0,,,,,,,,,0,0,baja,UIB/BSAI,"bautizado mar-2026; NO operativo (2H-2026); sin specs",2026-06-16,"= 'TALA IA' del inventario"
PT,Deucalion,MACC/EuroHPC,Guimaraes,EuroHPC petascale,Tier-1,Operativo,1,297,3870,10000,Fujitsu A64FX + AMD EPYC 7742,NVIDIA A100,132,1280,41184,1,1,alta,RNCA/TOP500,"3 particiones; 10 PF; 132 A100; Rmax 3,87 PF (ARM)",2026-06-16,"domina PT 97,6%"
PT,Navigator,LCA-UC,Coimbra,Universitario nacional,Tier-2,Operativo,0,,,247,Intel Xeon E5-2697v2/Gold 6148,NVIDIA V100 + A40,10,64,1300,1,1,alta,UC/LCA,"247 TF; 8 V100 + 2 A40 (viz)",2026-06-16,
PT,Vision,HPC-UE,Evora,IA/DL nacional,Tier-2,Operativo,0,,,155,AMD EPYC Milan,NVIDIA A100,16,155,4992,1,1,media,UEvora/RNCA,"2 DGX A100=16 A100; FP64 oficial n/p",2026-06-16,"rpeak=piso GPU"
PT,Bob,MACC,Braga,Legado,Tier-2,Retirado,0,,,1000,Intel Xeon Sandy Bridge,,0,0,0,0,0,alta,EuroCC/FCCN,"retirado feb-2023",2026-06-16,"NO operativo"
PT,Oblivion/Orion/Cirrus-A/Stratus,HPC-UE/INCD,Evora/Lisboa,RNCA,Tier-2/3,Operativo,0,,,,,,,,,0,0,baja,RNCA,"pendientes 2a corrida; specs NO confirmadas",2026-06-16,"REVISION MANUAL (placeholder, no suma)"
EE,Rocket,UTHPC/ETAIS,Tartu,HPC nacional,nacional,Operativo,0,,,763,AMD EPYC 7702/7763 + Intel Xeon,NVIDIA V100+A100+H200,68,763,17656,1,1,media,UTHPC/ETAIS,"~68 GPU: 48 V100+12 A100+8 H200",2026-06-16,"Rpeak FP64 actual n/p; rpeak=piso GPU; amp. feb-2026 (164 GPU) NO incluida"
EE,TalTech HPC,TalTech/ETAIS,Tallinn,HPC nacional,nacional,Operativo,0,,,161,Intel Xeon Gold 6148 + AMD EPYC,NVIDIA A100 + L40,20,161,4992,1,1,alta,TalTech docs,"16 A100 + 4 L40",2026-06-16,"rpeak=piso GPU"
EE,NICPB cluster,KBFI/ETAIS,Tallinn,HPC/Grid Tier-2,nacional,Operativo,0,,,19,Intel/AMD,NVIDIA A100,2,19,624,1,1,media,KBFI docs,"2 A100-80 (+9 RTX2070S marginales)",2026-06-16,"mayoria CPU; n_gpus=2 datacenter"
EE,LUMI (cuota Estonia),CSC (Finlandia),Kajaani,EuroHPC pre-exascale,Tier-0,Operativo,1,9,379000,531000,AMD EPYC Trento,AMD Instinct MI250X,10240,490000,0,0,0,alta,TOP500/LUMI,"#9; en Finlandia; cuota EE n/p",2026-06-16,"EXCLUIDO del computo nacional (anexo)"
SG,ASPIRE 2B,NSCC @ NTU,Singapur,Nacional,Tier-0/1,Operativo,0,,,115000,AMD EPYC,NVIDIA H200,1500,51000,1483500,1,1,media,NSCC/DCD/MDDI,"lanzado 8-jun-2026; >1500 H200; 115 PF (precision n/d)",2026-06-16,"rpeak declarado (prob FP64-TC/mixto); demasiado nuevo para TOP500 nov-25; VERIFICAR precision"
SG,Hopper NUS,NUS,Singapur,Nacional,Tier-1,Operativo,1,105,25000,25000,Intel Xeon 8480+ 56C,NVIDIA H100/H200,368,12512,363952,1,1,alta,TOP500/NUS,"#105; 25 PF; 368 GPU (46x8) mix H100/H200",2026-06-16,"rpeak piso=Rmax; rank exacto nov-25 verificar"
SG,ASPIRE 2A+,NSCC,Singapur,Nacional,Tier-1,Operativo,1,90,13000,20000,Intel Xeon 8480C 56C,NVIDIA H100 SXM5,320,10880,316480,1,1,alta,TOP500/NSCC,"40 DGX H100=320 H100; 13 PF HPL; 20 PF FP64-TC",2026-06-16,"rank #90 nov-24, verificar nov-25"
SG,ASPIRE 2A,NSCC,Singapur,Nacional,Tier-1,Operativo,0,,,10000,AMD EPYC 7713,NVIDIA A100 SXM4 40GB,352,3414,109824,1,1,alta,NSCC,"82 nodos=352 A100; 768 nodos CPU; up to 10 PF",2026-06-16,"#167 nov-2022; prob fuera TOP500 nov-25"
SG,CHROMA,SingHealth/SGH,Singapur,Regional salud,Tier-3,Operativo,0,,,,CPU n/p (1024 cores),NVIDIA DGX A100,8,78,2496,1,1,baja,SingHealth,"DGX A100; nº exacto n/p",2026-06-16,"n_gpus=8 estimado (1 DGX); REVISION MANUAL"
DE,JUWELS Booster,JSC (GCS),Julich,GCS nacional,Tier-0/1,Operativo,1,,44120,70980,AMD EPYC 7402,NVIDIA A100 SXM 40GB,3744,36317,1168128,1,1,alta,TOP500/JSC,"3744 A100 (936x4); 70,98 PF; Rmax 44,12 PF",2026-06-16,"superado por JUPITER (mismo centro)"
DE,JUWELS Cluster,JSC (GCS),Julich,GCS nacional,Tier-1,Operativo,0,,6200,12000,Intel Xeon Platinum 8168,NVIDIA V100,192,1498,24000,1,1,media,Gauss/JSC,"192 V100 (48x4); 12 PF",2026-06-16,
DE,JEDI,JSC (GCS/EuroHPC),Julich,EuroHPC dev,Tier-0,Operativo,1,,4500,5500,NVIDIA Grace,NVIDIA GH200,48,1632,47472,1,1,media,JSC,"48 GH200; fue #1 Green500 jun-24",2026-06-16,"Rpeak estimado"
DE,JURECA-DC,JSC (GCS),Julich,GCS nacional,Tier-0/1,Operativo,0,,,18500,AMD EPYC 7742,NVIDIA A100 SXM 40GB,768,7450,239616,1,1,media,JSC,"768 A100 (192x4); 18,5 PF",2026-06-16,
DE,JUSUF,JSC (GCS),Julich,Tier-2,Tier-2,Operativo,0,,,476,AMD EPYC Rome,NVIDIA V100-16G,61,476,7625,1,1,media,JSC,"61 V100; rpeak=piso GPU",2026-06-16,
DE,SuperMUC-NG Fase 1,LRZ (GCS),Garching,GCS nacional,Tier-0/1,Operativo,1,,19476,26900,Intel Xeon Platinum 8174,,0,0,0,1,1,alta,LRZ/TOP500,"26,9 PF; solo CPU",2026-06-16,
DE,SuperMUC-NG Fase 2,LRZ (GCS),Garching,GCS nacional,Tier-0/1,Operativo,1,,17190,26000,Intel Xeon 8480,Intel GPU Max 1550 (PVC),960,24960,,1,1,media,TOP500/LRZ,"960 PVC; gpu_fp64 vector(26)",2026-06-16,"Rpeak estimado; FP16 PVC n/d"
DE,Hunter,HLRS (GCS),Stuttgart,GCS nacional,Tier-0/1,Operativo,1,12,38000,48100,AMD EPYC 4G 24C,AMD Instinct MI300A,752,46098,737411,1,1,alta,TOP500/HLRS,"752 MI300A; 48,1 PF; #12",2026-06-16,"MI300A FP64 61,3"
DE,Hawk,HLRS (GCS),Stuttgart,GCS nacional,Tier-0/1,Retirado,0,,19300,26000,AMD EPYC 7742,,0,0,0,0,0,alta,HLRS,"retirado abr-2025",2026-06-16,"NO operativo"
DE,Hawk AI Expansion,HLRS (GCS),Stuttgart,GCS nacional,Tier-1,Operativo,0,,,1862,AMD EPYC Rome,NVIDIA A100,192,1862,59904,1,1,alta,HLRS/NVIDIA,"192 A100 (24x8); sobrevive a Hawk",2026-06-16,"rpeak=piso GPU"
DE,Capella,TU Dresden (NHR),Dresden,NHR nacional,Tier-2,Operativo,1,51,,38000,AMD EPYC 32C,NVIDIA H100 SXM 94GB,624,21216,617136,1,1,alta,TOP500/TUD,"624 H100; >38 PF; #51",2026-06-16,"Rpeak=peak publicado"
DE,Alex,FAU Erlangen (NHR),Erlangen,NHR nacional,Tier-2,Operativo,1,,,5500,AMD EPYC 7713,NVIDIA A100 + A40,560,2660,125472,1,1,alta,NHR@FAU,"256 A100 + 304 A40",2026-06-16,"Rpeak estimado"
DE,Helma,FAU Erlangen (NHR),Erlangen,NHR nacional,Tier-2,Operativo,1,,32220,45000,host AMD/Intel,NVIDIA H100 + H200,768,26112,759552,1,1,media,NHR@FAU,"768 (384 H100+384 H200); Rmax 32,2 PF",2026-06-16,"Rpeak estimado"
DE,Grete,GWDG Gottingen (NHR),Gottingen,NHR nacional,Tier-2,Operativo,1,,,9000,AMD EPYC 7513/7662,NVIDIA A100,556,5393,173472,1,1,media,GWDG,"~556 A100 (verificar)",2026-06-16,"nº GPU y Rpeak estimados"
DE,HoreKa,KIT (NHR),Karlsruhe,NHR nacional,Tier-2,Operativo,1,,8000,17000,Intel Xeon Ice Lake 8358,NVIDIA A100 + H100 + H200,668,6480,208416,1,1,media,NHR@KIT,"668 A100 (+H100/H200 n/p)",2026-06-16,"H100/H200 nº NO publico"
DE,Lise,ZIB Berlin (NHR),Berlin,NHR nacional,Tier-2,Operativo,0,,,9000,Intel Sapphire Rapids,NVIDIA A100 + Intel PVC,200,2462,52416,1,1,alta,NHR@ZIB,"168 A100 + 32 PVC",2026-06-16,
DE,Noctua 2,Paderborn PC2 (NHR),Paderborn,NHR nacional,Tier-2,Operativo,1,,,5400,AMD EPYC 7763,NVIDIA A100,128,1242,39936,1,1,alta,PC2/TOP500,"128 A100 (32x4)",2026-06-16,
DE,CLAIX-2023,RWTH Aachen (NHR),Aachen,NHR nacional,Tier-2,Operativo,1,,,14000,Intel Xeon 8468,NVIDIA H100,204,6936,201756,1,1,alta,RWTH/TOP500,"204 H100 (51x4); >14 PF",2026-06-16,
DE,Raven,MPCDF (Max Planck),Garching,Investigacion,Tier-2,Operativo,1,,,16000,Intel Xeon Ice Lake,NVIDIA A100 SXM 40GB,768,7450,239616,1,1,alta,MPCDF,"768 A100; 16 PF",2026-06-16,
DE,Viper-GPU,MPCDF (Max Planck),Garching,Investigacion,Tier-2,Operativo,0,,,36780,AMD EPYC Genoa,AMD Instinct MI300A,600,36780,588360,1,1,media,MPCDF,"600 MI300A (300x2)",2026-06-16,"Rpeak vector"
DE,Levante,DKRZ,Hamburg,Investigacion clima,Tier-1,Operativo,1,164,,16800,AMD EPYC Milan,NVIDIA A100,240,2328,74880,1,1,alta,DKRZ,"240 A100; 16,8 PF; #164",2026-06-16,
DE,Levante GPU extension,DKRZ,Hamburg,Investigacion clima,Tier-1,Operativo,1,227,6747,8000,NVIDIA Grace,NVIDIA GH200,196,6664,193844,1,1,media,DKRZ/TOP500,"GH200; #227 Green500 #3; 6,75 PF HPL",2026-06-16,"nº GH200 estimado ~196; Rpeak estimado"
DE,fortytwo,hessian.AI/GSI,Darmstadt,Investigacion IA,Tier-2,Operativo,1,,,8000,host,NVIDIA A100 80GB,632,6130,197184,1,1,alta,hessian.AI,"632 A100; ~8 PF",2026-06-16,
DE,fortythree,hessian.AI/GSI,Darmstadt,Investigacion IA,Tier-2,Operativo,0,,,,host,NVIDIA H200,,,,0,0,baja,hessian.AI,"#108 nov-24; nº H200 NO publico",2026-06-16,"REVISION MANUAL (sin nº GPU)"
